symbol,name,big in(%),small in(%),price(%),big/price,turnover
sh601288,农业银行,32.6,0.5,2.45,24.2588,13.31
sz000815,*ST美利,184.0,23.6,15.0,65.5332,12.27
sz002557,洽洽食品,65.1,10.7,6.12,177.762,10.64
sh600735,XR新华锦,26.7,5.9,2.51,222.225,10.64
sh600010,包钢股份,16.9,0.4,2.02,320.062,8.37
sz002326,永太科技,33.1,5.5,4.07,1236.29,8.13
sh600825,新华传媒,9.4,2.4,1.19,834.44,7.9
sz002589,瑞康医药,16.2,7.3,2.09,192.321,7.75
sh600733,S前锋,80.0,16.3,10.71,248.176,7.47
sz002019,亿帆鑫富,49.5,-7.1,7.14,483.597,6.93
sz002095,生 意 宝,203.2,44.7,30.0,219.318,6.77
sh603169,兰石重装,17.8,1.7,2.64,4361.85,6.74
sz002421,达实智能,199.7,62.2,30.01,8.19374,6.65
sh600703,三安光电,50.9,-0.2,7.71,369.617,6.6
sz002284,亚太股份,100.5,56.1,16.02,132.177,6.27
sz002374,丽鹏股份,43.9,-5.6,7.27,385.667,6.04
sz000557,*ST广夏,66.7,27.2,11.43,493.772,5.84
sh601818,光大银行,41.8,0.0,7.18,97.7399,5.82
sz002625,龙生股份,174.5,22.3,30.01,82.8857,5.81
sz002442,龙星化工,171.7,24.8,30.12,677.2,5.7
sz002541,鸿路钢构,36.6,1.3,6.54,404.908,5.6
sz000979,中弘股份,48.1,5.3,8.72,250.278,5.52
sh600802,福建水泥,87.2,7.1,15.94,318.887,5.47
sz000590,*ST古汉,40.7,10.7,7.52,355.486,5.41
sz002131,利欧股份,161.0,70.7,30.0,1.30035,5.37
sz000800,一汽轿车,24.5,1.1,4.61,593.277,5.31
sz000028,国药一致,22.6,-1.6,4.31,92.685,5.24
sh600199,金种子酒,18.9,-0.4,3.62,256.289,5.22
sh600724,宁波富达,43.2,3.3,8.37,331.051,5.16
sz002566,益盛药业,41.0,0.8,7.96,300.822,5.15
sz002457,青龙管业,35.3,0.0,6.85,492.476,5.15
sh601001,大同煤业,18.2,6.6,3.7,153.684,4.92
sz002376,新北洋,146.5,104.0,30.03,6.2746,4.88
sh600638,新黄浦,23.9,8.3,4.94,263.506,4.84
sz000656,金科股份,39.5,4.4,8.17,846.7,4.83
sz002475,立讯精密,25.9,-5.9,5.37,59.6686,4.82
sz002044,江苏三友,86.2,3.7,18.0,1157.06,4.79
sh600841,上柴股份,36.9,3.2,7.91,159.555,4.66
sz002661,克明面业,27.8,-3.0,6.16,178.571,4.51
sh600665,天地源,25.9,4.0,5.74,1093.83,4.51
sz002488,金固股份,133.2,16.7,30.01,305.597,4.44
sh600882,华联矿业,27.4,-6.5,6.22,245.822,4.41
sz000530,大冷股份,39.2,5.1,8.97,679.647,4.37
sz002360,同德化工,32.2,-0.2,7.39,261.365,4.36
sz002412,汉森制药,70.2,10.9,16.17,167.323,4.34
sz000755,山西三维,109.1,18.4,25.28,1279.4,4.32
sh600671,天目药业,20.5,6.4,4.8,201.601,4.27
sz000725,京东方Ａ,23.4,0.5,5.52,419.704,4.24
sz000607,华媒控股,12.0,3.3,2.87,1090.9,4.18
sh600391,成发科技,50.2,3.8,12.14,440.13,4.14
sz002030,达安基因,28.9,1.2,6.99,611.515,4.13
sh603555,贵人鸟,41.9,6.6,10.18,377.835,4.12
sz000859,国风塑业,30.7,14.4,7.49,444.177,4.1
sh600420,现代制药,30.4,-0.3,7.45,197.415,4.08
sz000633,合金投资,121.8,21.1,29.96,479.303,4.07
sz002192,*ST路翔,10.0,0.7,2.5,270.373,4.0
sh600410,华胜天成,19.9,0.6,4.97,1008.91,4.0
sh601336,新华保险,19.7,0.2,4.92,345.671,4.0
sz002315,焦点科技,82.4,14.4,20.58,580.716,4.0
sh600146,大元股份,7.3,13.7,1.88,213.138,3.88
sh600673,DR东阳光,11.6,1.9,3.0,457.36,3.87
sz002646,青青稞酒,23.1,-1.4,5.98,163.3,3.86
sz002702,海欣食品,81.9,13.0,21.3,460.966,3.85
sh600193,创兴资源,32.1,1.6,8.37,473.587,3.84
sz002711,欧浦钢网,61.5,4.5,16.12,1753.11,3.82
sh600171,上海贝岭,100.6,9.3,26.49,235.036,3.8
sh600771,广誉远,52.8,-2.1,13.95,209.475,3.78
sz002037,久联发展,28.8,11.9,7.63,352.123,3.77
sh600571,信雅达,67.5,4.2,17.94,272.088,3.76
sz002555,顺荣三七,112.6,56.1,30.0,6.62258,3.75
sz000501,鄂武商Ａ,33.2,-9.8,9.0,86.4236,3.69
sh600278,东方创业,46.2,2.4,12.54,98.453,3.68
sh600503,华丽家族,110.6,135.8,30.16,4.22994,3.67
sz002088,鲁阳股份,28.2,6.7,7.73,801.641,3.65
sh600499,科达洁能,20.0,5.6,5.5,219.111,3.64
sz002536,西泵股份,31.9,-6.6,8.78,443.823,3.63
sh601313,江南嘉捷,39.8,-0.1,10.97,230.014,3.63
sz002197,证通电子,108.6,10.1,29.99,709.717,3.62
sz000584,友利控股,108.0,164.4,29.94,3.58333,3.61
sz000733,振华科技,37.0,2.4,10.24,299.919,3.61
sh600730,中国高科,107.6,18.2,30.0,806.051,3.59
sh600624,复旦复华,60.2,4.7,16.93,1557.55,3.56
sz002262,恩华药业,41.5,-1.4,11.73,138.427,3.54
sz002517,泰亚股份,85.0,7.5,24.04,738.83,3.54
sz000681,视觉中国,105.0,9.2,29.69,625.953,3.54
sh600419,天润乳业,34.8,14.1,9.87,215.025,3.53
sz002640,百圆裤业,88.8,34.5,25.32,68.415,3.51
sh600743,华远地产,57.2,8.3,16.36,105.195,3.5
sz002491,通鼎互联,104.7,9.0,30.0,1299.11,3.49
sz000156,华数传媒,63.1,9.8,18.06,748.487,3.49
sz002035,华帝股份,22.0,-2.9,6.33,219.137,3.48
sh600423,柳化股份,62.6,8.9,18.03,187.844,3.47
sh600028,中国石化,10.1,0.0,2.92,62.3716,3.46
sh600055,华润万东,52.4,7.4,15.32,122.543,3.42
sz002352,鼎泰新材,50.6,29.4,14.78,423.089,3.42
sh600109,国金证券,43.9,-0.1,12.88,334.41,3.41
sh600006,东风汽车,70.1,11.4,20.74,286.33,3.38
sh600658,电子城,29.4,-7.9,8.73,121.982,3.37
sh600754,锦江股份,55.8,10.5,16.65,69.132,3.35
sh600306,商业城,85.8,19.1,25.69,719.028,3.34
sz002098,浔兴股份,28.5,-13.9,8.58,209.349,3.32
sh600005,武钢股份,26.6,1.3,8.04,259.279,3.31
sh603789,星光农机,99.1,17.7,30.01,2485.61,3.3
sz002584,西陇化工,90.3,7.1,27.52,687.663,3.28
sz002691,石中装备,40.4,10.5,12.35,3259.41,3.27
sz002022,科华生物,34.1,1.8,10.53,237.095,3.24
sz002384,东山精密,33.2,-7.2,10.24,108.546,3.24
sh601717,郑煤机,14.1,8.5,4.37,176.277,3.23
sz002652,扬子新材,68.4,18.5,21.18,245.789,3.23
sh603939,益丰药房,52.9,4.9,16.39,521.592,3.23
sz002285,世联行,64.5,7.5,20.05,370.66,3.22
sh600763,通策医疗,44.5,-4.6,13.88,72.2952,3.21
sz000971,蓝鼎控股,90.6,17.4,28.41,614.585,3.19
sh600119,长江投资,40.7,11.2,12.85,536.024,3.17
sz002024,苏宁云商,76.1,2.2,24.03,1233.49,3.17
sh601126,四方股份,37.5,10.4,11.92,156.43,3.15
sz000158,常山股份,94.6,24.1,30.01,424.698,3.15
sh600282,南钢股份,19.3,4.6,6.15,177.102,3.14
sz002207,准油股份,53.3,3.0,16.99,695.467,3.14
sz000014,沙河股份,49.9,-6.4,15.96,177.76,3.13
sh600746,江苏索普,24.7,1.5,7.89,197.433,3.13
sh600197,伊力特,17.2,-0.0,5.52,168.683,3.12
sz002303,美盈森,84.7,16.6,27.27,253.651,3.11
sh600845,宝信软件,33.9,4.7,10.92,154.055,3.1
sh600727,鲁北化工,54.0,8.8,17.53,407.098,3.08
sz000016,深康佳Ａ,42.2,5.9,13.68,533.223,3.08
sz000628,高新发展,35.0,5.2,11.41,1022.95,3.07
sh603609,禾丰牧业,52.0,0.2,17.06,649.786,3.05
sz002434,万里扬,51.0,15.4,16.97,78.181,3.01
sh600812,华北制药,18.3,1.2,6.12,221.26,2.99
sh600161,天坛生物,46.3,1.1,15.5,199.1,2.99
sh603005,晶方科技,29.4,4.9,9.85,201.357,2.98
sh600189,吉林森工,22.4,-2.1,7.52,235.748,2.98
sh600595,中孚实业,24.3,0.6,8.15,215.059,2.98
sh603366,日出东方,32.9,8.3,11.08,461.324,2.97
sh601003,柳钢股份,30.7,5.3,10.33,60.3236,2.97
sz002335,科华恒盛,67.2,22.2,22.68,197.973,2.96
sz000419,通程控股,56.8,20.4,19.19,377.071,2.96
sh600836,界龙实业,46.9,-0.1,15.86,315.572,2.96
sz000782,美达股份,54.9,14.0,18.82,438.984,2.92
sz000538,云南白药,12.8,-0.1,4.38,117.182,2.92
sz000061,农 产 品,67.3,5.5,23.16,330.483,2.91
sh600336,澳柯玛,27.4,18.6,9.42,225.228,2.91
sz002644,佛慈制药,71.8,18.3,24.8,223.847,2.9
sh601010,文峰股份,33.0,0.3,11.39,442.37,2.9
sz002639,雪人股份,17.3,25.6,5.96,168.884,2.9
sh600081,东风科技,51.6,2.3,17.77,231.696,2.9
sz002176,江特电机,50.0,3.3,17.3,539.437,2.89
sz002181,粤 传 媒,23.2,8.7,8.06,447.026,2.88
sh601727,上海电气,62.2,0.3,21.64,213.054,2.87
sh600380,健康元,31.3,1.9,10.91,341.577,2.87
sz002544,杰赛科技,51.6,3.0,18.01,468.313,2.87
sh600900,长江电力,13.9,1.4,4.86,109.447,2.86
sh601113,华鼎股份,30.6,-11.9,10.72,188.703,2.85
sh600476,湘邮科技,40.1,0.5,14.1,502.59,2.84
sh600543,莫高股份,11.6,8.9,4.1,216.735,2.83
sh600651,飞乐音响,17.3,4.1,6.13,247.95,2.82
sz000036,华联控股,50.0,12.9,17.72,283.82,2.82
sz002195,二三四五,48.2,6.4,17.13,1984.15,2.81
sz000420,吉林化纤,21.5,-3.5,7.68,292.31,2.8
sh601137,博威合金,24.2,-2.9,8.63,80.9614,2.8
sz002183,怡 亚 通,52.5,3.2,18.85,468.865,2.79
sz002179,中航光电,32.1,6.2,11.49,217.79,2.79
sz002396,星网锐捷,26.0,2.5,9.33,226.691,2.79
sz002325,洪涛股份,62.0,4.3,22.31,1083.06,2.78
sz002023,海特高新,39.1,3.7,14.11,610.346,2.77
sz002467,二六三,66.7,14.5,24.06,473.074,2.77
sh600826,兰生股份,23.0,6.4,8.31,141.877,2.77
sz002627,宜昌交运,31.2,-5.9,11.31,285.637,2.76
sh600594,益佰制药,42.7,0.8,15.49,443.53,2.76
sz002431,棕榈园林,25.6,2.8,9.39,213.961,2.73
sh600477,杭萧钢构,52.7,10.6,19.32,235.497,2.73
sh603003,龙宇燃油,24.0,-3.0,8.8,686.851,2.73
sz002574,明牌珠宝,18.0,6.1,6.62,196.469,2.72
sh601988,中国银行,9.0,0.1,3.35,37.6471,2.69
sz002701,奥瑞金,48.8,5.5,18.13,334.363,2.69
sz002227,奥 特 迅,56.9,1.3,21.24,313.83,2.68
sh600143,金发科技,36.1,4.5,13.53,231.929,2.67
sh600368,五洲交通,19.2,8.8,7.22,414.029,2.66
sz002675,东诚药业,53.7,5.7,20.16,553.663,2.66
sz002393,力生制药,23.8,0.4,8.99,168.034,2.65
sh600650,锦江投资,51.9,1.7,19.86,141.031,2.61
sz002276,万马股份,78.1,4.9,29.98,474.186,2.61
sh600680,上海普天,28.8,-10.7,11.04,303.345,2.61
sz002273,水晶光电,51.2,4.0,19.71,855.985,2.6
sz002162,斯米克,47.4,24.5,18.33,199.091,2.59
sh600721,百花村,40.0,5.8,15.43,116.696,2.59
sz000950,建峰化工,34.3,-4.2,13.25,470.462,2.59
sh600998,九州通,43.3,11.0,16.8,109.156,2.58
sz002474,榕基软件,36.1,7.4,14.06,1368.63,2.57
sh600678,四川金顶,56.9,8.5,22.17,341.517,2.57
sz002125,湘潭电化,63.5,12.9,24.72,868.528,2.57
sh600804,鹏博士,72.2,1.3,28.22,543.898,2.56
sh600846,同济科技,45.3,6.0,17.71,587.481,2.56
sz002614,蒙发利,23.1,12.9,9.02,290.303,2.56
sh600022,山东钢铁,22.8,12.3,8.97,137.365,2.54
sh601999,出版传媒,14.4,7.8,5.7,198.533,2.53
sz002456,欧菲光,34.6,1.3,13.67,1253.2,2.53
sz002129,中环股份,35.4,5.3,14.01,240.043,2.53
sz000838,国兴地产,25.6,-0.2,10.1,165.917,2.53
sh600761,安徽合力,10.2,2.8,4.04,158.984,2.52
sz000861,海印股份,24.7,-1.0,9.84,201.293,2.51
sh600892,宝诚股份,28.2,13.9,11.25,312.601,2.51
sh603703,盛洋科技,68.7,11.8,27.39,4394.09,2.51
sz002265,西仪股份,25.2,0.0,10.1,104.983,2.5
sz002546,新联电子,38.1,6.4,15.33,415.778,2.49
sh600781,辅仁药业,24.0,3.7,9.63,163.259,2.49
sh600795,国电电力,19.2,0.0,7.75,717.886,2.48
sz002294,信立泰,18.7,-2.1,7.58,322.743,2.47
sh600611,大众交通,48.7,2.5,19.79,322.364,2.46
sz002253,川大智胜,25.5,6.9,10.41,745.321,2.45
sh600416,湘电股份,39.4,-2.8,16.05,129.976,2.45
sz002740,爱迪尔,45.1,2.2,18.51,1308.43,2.44
sz000793,华闻传媒,21.9,-1.8,8.97,307.979,2.44
sh600818,中路股份,64.6,6.4,26.53,274.995,2.43
sz000887,中鼎股份,35.5,5.5,14.6,131.196,2.43
sz000100,TCL 集团,17.6,0.9,7.25,593.591,2.43
sz000605,渤海股份,18.0,2.1,7.4,218.769,2.43
sh601608,中信重工,72.9,190.1,30.0,3.25441,2.43
sz002041,登海种业,27.8,3.0,11.43,138.632,2.43
sh601579,会稽山,18.5,-0.9,7.63,407.519,2.42
sz002466,天齐锂业,21.2,8.4,8.8,311.727,2.41
sh600061,中纺投资,29.7,1.0,12.31,215.952,2.41
sz002522,浙江众成,42.5,4.9,17.74,261.185,2.4
sz000638,万方发展,41.8,6.7,17.39,315.821,2.4
sz000886,海南高速,20.1,11.0,8.37,217.679,2.4
sz002699,美盛文化,60.7,4.2,25.26,404.406,2.4
sh600706,曲江文旅,30.9,7.4,12.91,210.354,2.39
sh600551,时代出版,20.4,4.5,8.54,152.556,2.39
sz002414,高德红外,32.6,4.1,13.63,205.52,2.39
sz000916,华北高速,26.0,13.7,10.89,814.32,2.39
sz002657,中科金财,47.3,3.3,19.99,372.597,2.37
sz002368,太极股份,28.2,3.3,11.91,303.167,2.37
sz002117,东港股份,40.7,-5.0,17.25,365.041,2.36
sz002729,好利来,45.0,12.7,19.05,355.964,2.36
sz002295,精艺股份,47.5,-3.7,20.3,697.132,2.34
sz000629,攀钢钒钛,17.2,7.7,7.37,396.958,2.33
sh600563,法拉电子,8.6,1.5,3.7,265.706,2.32
sh603368,柳州医药,42.5,6.7,18.34,541.232,2.32
sh600133,东湖高新,35.1,-0.7,15.22,479.356,2.31
sh600298,安琪酵母,18.2,2.4,7.91,230.561,2.3
sz002018,华信国际,34.7,6.5,15.07,396.275,2.3
sz002113,天润控股,32.4,1.9,14.08,537.256,2.3
sz002013,中航机电,25.0,-6.9,10.88,308.828,2.3
sh600745,中茵股份,41.2,4.3,17.88,415.588,2.3
sh600446,金证股份,41.9,2.3,18.24,235.71,2.3
sh600186,莲花味精,31.5,6.2,13.71,268.717,2.3
sz002261,拓维信息,49.5,3.9,21.49,1200.15,2.3
sh601866,中海集运,13.2,0.0,5.8,332.416,2.28
sh600884,杉杉股份,38.5,3.0,16.86,487.313,2.28
sz002339,积成电子,52.1,19.5,22.82,353.077,2.28
sh600582,天地科技,12.3,-11.0,5.41,63.4543,2.27
sh600588,用友网络,43.9,0.2,19.35,659.782,2.27
sh601198,东兴证券,20.9,0.0,9.22,632.21,2.27
sh603969,银龙股份,28.9,1.1,12.73,719.307,2.27
sz002032,苏 泊 尔,11.3,9.1,4.99,56.5123,2.26
sz002334,英威腾,35.0,11.9,15.59,384.177,2.25
sh603899,晨光文具,32.6,-3.3,14.48,616.632,2.25
sh601877,正泰电器,13.0,2.4,5.78,65.0263,2.25
sz002214,大立科技,20.1,11.5,8.94,291.737,2.25
sz002487,大金重工,51.7,7.1,23.01,1017.78,2.25
sz000998,隆平高科,37.0,3.5,16.49,214.877,2.24
sz000610,西安旅游,27.7,0.8,12.47,265.982,2.22
sz000667,美好集团,30.9,14.1,13.98,564.107,2.21
sz000576,广东甘化,31.8,7.7,14.4,606.721,2.21
sz002603,以岭药业,17.7,-2.4,8.02,253.079,2.21
sz000976,*ST春晖,13.9,6.3,6.31,168.159,2.2
sh600512,腾达建设,47.7,13.6,21.7,520.188,2.2
sh603636,南威软件,45.6,11.0,20.73,1335.38,2.2
sh603898,好莱客,51.6,7.4,23.53,1421.23,2.19
sz000997,新 大 陆,36.1,4.8,16.52,392.877,2.19
sz002423,中原特钢,13.9,11.7,6.37,120.621,2.18
sh600958,东方证券,13.0,0.3,5.98,875.788,2.17
sz002186,全 聚 德,12.4,0.3,5.73,99.5511,2.16
sh600567,山鹰纸业,15.9,6.0,7.4,582.131,2.15
sh600493,凤竹纺织,36.1,-1.5,16.77,375.108,2.15
sz002269,美邦服饰,23.7,4.3,11.01,187.589,2.15
sz000078,海王生物,36.5,7.4,16.94,519.218,2.15
sz002743,富煌钢构,35.9,1.0,16.72,800.47,2.15
sz000551,创元科技,16.2,1.8,7.56,214.636,2.14
sh603128,华贸物流,37.3,4.3,17.42,304.432,2.14
sh600855,航天长峰,14.9,4.3,6.98,240.383,2.13
sh600023,浙能电力,12.7,1.8,5.96,1087.65,2.13
sz000819,岳阳兴长,27.6,5.8,13.02,383.791,2.12
sh601558,华锐风电,36.8,9.2,17.41,642.44,2.11
sz000635,英 力 特,19.0,-12.3,9.04,165.4,2.1
sh600692,亚通股份,25.9,8.1,12.31,569.165,2.1
sz002256,彩虹精化,32.8,3.9,15.65,295.937,2.1
sh600126,杭钢股份,17.9,-3.0,8.52,147.404,2.1
sz000977,浪潮信息,29.3,2.2,14.02,622.798,2.09
sh601005,重庆钢铁,13.2,8.5,6.33,558.176,2.09
sz002497,雅化集团,29.4,13.3,14.05,325.833,2.09
sz002223,鱼跃医疗,35.1,3.3,16.78,677.022,2.09
sz002674,兴业科技,19.9,-3.5,9.58,255.053,2.08
sh600223,鲁商置业,17.2,4.5,8.28,125.186,2.08
sh600570,恒生电子,38.6,0.6,18.56,447.997,2.08
sz002323,中联电气,56.4,7.9,27.2,349.757,2.07
sh603168,莎普爱思,24.2,3.6,11.68,739.373,2.07
sh600221,海南航空,28.6,0.7,13.85,547.897,2.06
sh600505,西昌电力,6.3,-4.1,3.06,301.728,2.06
sz000802,北京文化,34.6,4.3,16.8,419.119,2.06
sz002011,盾安环境,19.3,4.8,9.42,273.898,2.05
sh600601,方正科技,33.5,2.7,16.31,573.039,2.05
sh600017,日照港,17.3,8.6,8.45,230.81,2.05
sz002184,海得控制,42.3,10.6,20.82,603.899,2.03
sh600634,中技控股,33.5,2.0,16.47,1621.79,2.03
sz002405,四维图新,34.3,3.6,16.91,724.971,2.03
sh600827,百联股份,29.4,-1.9,14.46,164.942,2.03
sh600626,申达股份,17.2,2.7,8.51,343.811,2.02
sh600467,好当家,17.7,5.1,8.75,237.611,2.02
sz002742,三圣特材,17.0,4.2,8.43,867.387,2.02
sz002312,三泰控股,56.9,3.4,28.16,782.901,2.02
sh600960,渤海活塞,18.5,17.8,9.19,170.263,2.01
sz002752,N兴股份,60.1,40.0,30.04,1125.49,2.0
sz002287,奇正藏药,15.3,-19.6,7.66,60.5467,2.0
sz002367,康力电梯,36.0,2.6,18.12,393.52,1.99
sz000826,桑德环境,22.8,-4.9,11.46,226.309,1.99
sh600506,香梨股份,15.8,3.8,7.94,334.584,1.99
sz000586,汇源通信,30.3,3.2,15.27,484.257,1.98
sh603567,珍宝岛,28.5,-1.1,14.36,1879.65,1.98
sz001696,宗申动力,20.7,-0.8,10.52,445.855,1.97
sh600216,浙江医药,8.9,3.1,4.53,199.787,1.96
sz000587,金叶珠宝,17.0,3.6,8.67,815.017,1.96
sh600435,北方导航,20.3,1.4,10.4,490.372,1.95
sh603889,新澳股份,30.1,5.2,15.42,590.44,1.95
sh600835,上海机电,16.3,-0.7,8.37,283.085,1.95
sh600272,开开实业,13.8,-7.0,7.08,230.398,1.95
sh600039,四川路桥,17.4,3.9,8.92,595.329,1.95
sz000023,深天地Ａ,11.6,1.2,5.96,456.042,1.95
sh603883,老百姓,48.9,2.8,25.37,4245.51,1.93
sh603328,依顿电子,30.9,4.4,15.98,557.85,1.93
sh600012,皖通高速,29.4,3.4,15.2,164.667,1.93
sz002103,广博股份,31.3,12.1,16.26,425.264,1.92
sz002650,加加食品,22.8,2.6,11.9,150.262,1.92
sh600241,时代万恒,14.5,2.7,7.55,422.321,1.92
sz000935,四川双马,15.6,5.9,8.16,429.018,1.91
sz002298,鑫龙电器,41.7,2.9,21.82,608.256,1.91
sz000705,浙江震元,22.0,-2.1,11.56,396.821,1.9
sh603309,维力医疗,30.4,2.7,15.96,1839.77,1.9
sh600004,白云机场,13.4,-9.9,7.05,205.987,1.9
sh600808,马钢股份,19.7,5.1,10.38,198.872,1.9
sh600050,中国联通,11.9,0.0,6.3,300.999,1.89
sh600128,弘业股份,21.2,0.3,11.2,322.922,1.89
sz002738,中矿资源,34.2,8.1,18.07,799.395,1.89
sh600270,外运发展,26.5,0.5,14.06,162.0,1.88
sz002084,海鸥卫浴,18.3,-26.0,9.74,321.084,1.88
sh600491,龙元建设,30.6,1.8,16.3,441.332,1.88
sh600062,华润双鹤,13.1,6.8,6.99,145.981,1.87
sh600158,中体产业,39.8,1.6,21.34,1387.44,1.87
sh600129,太极集团,23.8,1.3,12.71,549.758,1.87
sz002362,汉王科技,30.4,4.1,16.35,1270.18,1.86
sh600663,陆家嘴,26.8,-1.5,14.41,68.2207,1.86
sh600030,中信证券,8.5,0.0,4.58,297.519,1.86
sh600684,珠江实业,16.7,1.8,8.96,291.977,1.86
sz000509,华塑控股,25.8,3.1,13.85,459.521,1.86
sz000810,创维数字,34.9,11.2,18.75,333.882,1.86
sz000780,平庄能源,11.3,3.9,6.12,164.204,1.85
sh603519,立霸股份,37.8,6.7,20.39,1398.79,1.85
sz002235,安妮股份,30.6,6.8,16.53,633.833,1.85
sh603315,福鞍股份,49.0,4.8,26.46,3873.28,1.85
sh600386,北巴传媒,12.2,11.2,6.59,195.715,1.85
sh601668,中国建筑,11.8,0.0,6.38,419.184,1.85
sz000801,四川九洲,39.7,5.2,21.5,246.941,1.85
sh603729,龙韵股份,36.0,3.1,19.58,1783.92,1.84
sh600837,海通证券,1.1,0.0,0.6,569.458,1.83
sh601919,中国远洋,6.4,0.1,3.5,372.889,1.83
sz002016,世荣兆业,10.1,-8.5,5.51,134.044,1.83
sz002649,博彦科技,35.6,3.4,19.48,869.768,1.83
sh600060,海信电器,32.0,-1.1,17.46,219.325,1.83
sz002087,新野纺织,36.7,11.8,20.15,187.289,1.82
sh600794,保税科技,25.9,8.3,14.24,351.277,1.82
sh600862,南通科技,36.5,4.3,20.1,347.814,1.82
sz002177,御银股份,35.5,2.1,19.51,1338.18,1.82
sh600776,东方通信,14.2,2.5,7.79,143.875,1.82
sz002086,东方海洋,35.5,-2.7,19.5,313.303,1.82
sh600893,中航动力,25.8,0.2,14.15,146.362,1.82
sh600422,昆药集团,13.3,3.9,7.35,197.159,1.81
sz000563,陕国投Ａ,17.2,0.9,9.51,235.474,1.81
sh601618,中国中冶,10.9,0.0,6.05,367.05,1.8
sh600643,爱建股份,26.8,2.3,14.98,304.506,1.79
sz002515,金字火腿,41.6,3.8,23.24,501.886,1.79
sh600328,兰太实业,36.9,5.5,20.63,285.157,1.79
sz002620,瑞和股份,24.2,-10.8,13.51,503.359,1.79
sz000906,物产中拓,26.0,-2.1,14.61,334.087,1.78
sz002504,东光微电,20.2,20.6,11.36,385.144,1.78
sh601908,京运通,22.6,-1.4,12.73,379.53,1.78
sz002715,登云股份,50.4,14.9,28.25,1347.98,1.78
sz002451,摩恩电气,36.0,7.0,20.31,418.924,1.77
sz002301,齐心集团,16.6,-2.8,9.37,298.101,1.77
sz000698,沈阳化工,24.6,7.5,13.93,1785.98,1.77
sz002563,森马服饰,17.4,-11.7,9.81,49.1847,1.77
sh600211,西藏药业,17.3,-16.0,9.81,174.347,1.76
sz000796,易食股份,49.8,8.0,28.36,1886.72,1.76
sh600898,三联商社,34.5,3.8,19.76,295.808,1.75
sz002401,中海科技,38.4,4.7,21.91,301.539,1.75
sz002077,大港股份,12.1,20.3,6.95,346.275,1.74
sz000753,漳州发展,16.6,1.3,9.54,390.606,1.74
sz000408,金谷源,25.4,11.1,14.61,393.603,1.74
sh600138,中青旅,19.6,0.2,11.24,307.907,1.74
sh600704,物产中大,18.6,1.1,10.76,360.027,1.73
sh600206,有研新材,14.5,6.8,8.36,279.461,1.73
sz002055,得润电子,26.0,1.0,15.01,477.618,1.73
sz002583,海能达,15.5,-7.7,8.97,488.386,1.73
sz002251,步 步 高,24.4,4.0,14.14,436.323,1.73
sz000004,国农科技,23.1,4.9,13.44,338.388,1.72
sz002091,江苏国泰,14.0,3.5,8.13,257.326,1.72
sz000657,中钨高新,12.9,1.1,7.56,249.597,1.71
sz002009,天奇股份,16.6,4.5,9.73,595.243,1.71
sz002575,群兴玩具,33.5,9.9,19.59,228.85,1.71
sz002094,青岛金王,33.7,6.2,19.7,387.461,1.71
sh600466,蓝光发展,36.2,4.5,21.29,273.51,1.7
sz002130,沃尔核材,38.5,4.1,22.61,501.602,1.7
sh600647,同达创业,28.5,8.2,16.87,193.684,1.69
sz002151,北斗星通,24.2,2.2,14.35,649.98,1.69
sz002594,比亚迪,12.5,0.1,7.45,189.252,1.68
sh600180,瑞茂通,43.8,4.4,26.13,561.987,1.68
sz000917,电广传媒,21.0,-0.2,12.49,640.921,1.68
sh603020,爱普股份,28.5,2.7,17.09,874.304,1.67
sz002375,亚厦股份,24.5,-2.1,14.69,216.864,1.67
sz002480,新筑股份,6.4,-3.5,3.83,449.95,1.67
sh600592,龙溪股份,25.2,0.4,15.12,429.295,1.67
sz000409,山东地矿,21.7,10.3,12.96,332.319,1.67
sz000748,长城信息,21.1,5.9,12.71,125.548,1.66
sh600688,上海石化,8.7,0.8,5.25,814.48,1.66
sz000957,中通客车,20.8,5.4,12.51,428.793,1.66
sh601801,皖新传媒,9.9,-13.6,6.0,52.5574,1.65
sz000088,盐 田 港,12.1,-0.9,7.32,152.371,1.65
sz002065,东华软件,22.0,0.6,13.3,573.925,1.65
sh601218,吉鑫科技,18.3,0.7,11.07,270.109,1.65
sz002723,金莱特,15.0,12.3,9.09,531.07,1.65
sz002448,中原内配,14.0,1.7,8.48,602.909,1.65
sz000948,南天信息,35.6,5.5,21.76,653.492,1.64
sh600652,游久游戏,27.9,4.7,17.01,543.792,1.64
sz000050,深天马Ａ,7.4,5.1,4.52,226.547,1.64
sh601989,中国重工,13.5,0.0,8.25,460.886,1.64
sz000768,中航飞机,12.3,2.0,7.52,213.391,1.64
sz002216,三全食品,35.3,3.6,21.71,304.769,1.63
sh600707,彩虹股份,19.3,2.1,11.87,551.262,1.63
sz000798,中水渔业,17.9,3.6,11.02,166.595,1.62
sh600288,大恒科技,35.2,5.8,21.67,262.53,1.62
sz000902,新洋丰,17.5,1.8,10.78,278.334,1.62
sz002102,冠福股份,17.0,5.3,10.51,400.373,1.62
sh600201,金宇集团,25.4,-1.6,15.67,110.44,1.62
sh600758,红阳能源,16.9,0.3,10.41,361.399,1.62
sh600084,中葡股份,13.4,2.3,8.32,129.231,1.61
sz002458,益生股份,10.5,3.4,6.52,245.781,1.61
sz002556,辉隆股份,22.8,0.4,14.13,725.161,1.61
sz000968,煤 气 化,9.0,5.4,5.59,270.579,1.61
sz000709,河北钢铁,10.9,1.9,6.77,306.962,1.61
sz000040,宝安地产,11.3,-6.6,7.06,312.982,1.6
sz000608,阳光股份,24.0,0.6,15.02,264.227,1.6
sz002047,宝鹰股份,40.9,7.5,25.69,522.662,1.59
sz002424,贵州百灵,41.9,8.8,26.4,265.509,1.59
sh600517,置信电气,12.5,7.0,7.93,160.673,1.58
sz002613,北玻股份,8.5,0.3,5.37,669.869,1.58
sz000835,长城动漫,33.4,11.1,21.15,1709.86,1.58
sh600233,大杨创世,27.1,4.2,17.18,610.964,1.58
sz002318,久立特材,17.9,-4.2,11.42,159.279,1.57
sh600365,通葡股份,27.0,-0.2,17.22,703.138,1.57
sh600775,南京熊猫,13.2,2.0,8.39,198.28,1.57
sh601333,广深铁路,11.4,0.6,7.28,248.875,1.57
sz002373,千方科技,22.2,-7.1,14.12,556.751,1.57
sh600635,大众公用,18.6,0.7,11.93,717.392,1.56
sz002685,华东重机,31.4,7.3,20.13,822.122,1.56
sz002689,博林特,13.0,-2.3,8.32,792.173,1.56
sz002495,佳隆股份,18.3,-1.1,11.76,354.863,1.56
sh600654,中安消,25.3,2.0,16.31,379.581,1.55
sz002638,勤上光电,36.0,1.9,23.18,954.165,1.55
sz000821,京山轻机,15.8,1.9,10.17,501.545,1.55
sz002279,久其软件,17.5,3.4,11.31,429.459,1.55
sh601016,节能风电,15.5,0.7,10.02,1240.49,1.55
sz002289,宇顺电子,29.0,-4.1,18.81,988.954,1.54
sz002651,利君股份,26.0,7.6,16.85,283.285,1.54
sz002604,龙力生物,15.1,-0.4,9.88,431.41,1.53
sh600520,中发科技,27.9,-1.3,18.21,501.808,1.53
sh600879,航天电子,12.7,1.8,8.28,520.826,1.53
sz002297,博云新材,7.0,2.6,4.62,382.457,1.52
sz000428,华天酒店,27.2,-2.9,17.86,182.505,1.52
sh600750,江中药业,31.0,-0.6,20.38,228.334,1.52
sh600560,金自天正,11.4,0.2,7.49,539.32,1.52
sz000718,苏宁环球,11.7,7.9,7.73,194.748,1.51
sz002363,隆基机械,12.6,-1.4,8.35,1014.47,1.51
sh600343,航天动力,14.2,3.1,9.38,301.424,1.51
sz002472,双环传动,19.5,23.0,12.89,161.167,1.51
sz002455,百川股份,12.8,10.0,8.47,369.114,1.51
sz000020,深华发Ａ,25.2,-2.9,16.65,820.535,1.51
sh603338,浙江鼎力,28.0,2.1,18.72,865.692,1.5
sh601718,际华集团,16.0,1.0,10.64,204.668,1.5
sh600478,科力远,19.5,1.3,13.04,177.658,1.5
sz000611,*ST蒙发,16.9,23.2,11.3,416.635,1.5
sh600388,龙净环保,12.3,0.3,8.22,374.195,1.5
sz000980,金马股份,18.2,1.2,12.1,413.672,1.5
sz002189,利达光电,26.4,2.8,17.73,279.356,1.49
sh600562,国睿科技,14.0,3.9,9.45,379.5,1.48
sz000017,深中华A,17.6,-2.9,11.87,486.906,1.48
sh601117,中国化学,9.5,-0.1,6.44,309.598,1.48
sh600107,美尔雅,15.5,9.3,10.48,612.528,1.48
sh600260,凯乐科技,32.4,4.4,22.03,862.723,1.47
sh600603,大洲兴业,18.6,2.8,12.69,366.534,1.47
sh600329,中新药业,9.0,4.6,6.11,163.039,1.47
sh601106,中国一重,28.4,0.0,19.48,681.098,1.46
sz002402,和而泰,34.3,10.4,23.53,335.954,1.46
sh600687,刚泰控股,28.6,-1.5,19.6,510.358,1.46
sz000788,北大医药,15.2,-3.1,10.43,253.902,1.46
sh600228,昌九生化,6.7,-0.8,4.62,392.399,1.45
sz002380,科远股份,29.5,0.3,20.33,1012.2,1.45
sh600978,宜华木业,19.7,0.3,13.58,476.918,1.45
sz002679,福建金森,15.9,-3.7,11.0,693.106,1.45
sz002017,东信和平,22.1,6.3,15.2,858.887,1.45
sh600895,张江高科,16.9,0.3,11.74,185.696,1.44
sh600483,福能股份,16.8,1.5,11.74,550.449,1.43
sz002386,天原集团,13.5,12.7,9.47,75.1054,1.43
sz002245,澳洋顺昌,18.7,3.5,13.19,290.809,1.42
sz002484,江海股份,10.1,-6.2,7.12,119.864,1.42
sz002486,嘉麟杰,12.8,1.4,9.03,356.782,1.42
sh600361,华联综超,11.3,3.2,7.93,212.138,1.42
sz002079,苏州固锝,29.8,4.6,20.93,551.611,1.42
sh600838,上海九百,16.3,5.3,11.6,262.371,1.41
sh600814,杭州解百,13.0,-1.3,9.24,241.256,1.41
sh600816,安信信托,7.9,-0.1,5.61,190.832,1.41
sz000882,华联股份,15.2,9.4,10.81,557.137,1.41
sh600448,华纺股份,15.8,14.4,11.28,326.11,1.4
sh601177,杭齿前进,17.1,6.7,12.23,269.288,1.4
sh600421,仰帆控股,6.3,5.3,4.5,138.943,1.4
sh600333,长春燃气,19.0,-1.2,13.6,302.349,1.4
sh601799,星宇股份,23.5,4.6,16.84,239.013,1.4
sh601599,鹿港科技,14.3,3.2,10.31,204.057,1.39
sh600203,福日电子,8.2,5.9,5.92,389.021,1.39
sz000860,顺鑫农业,6.9,1.7,4.96,191.536,1.39
sh600490,鹏欣资源,27.2,4.8,19.62,627.495,1.39
sz000752,西藏发展,8.2,0.2,5.96,653.23,1.38
sz002075,沙钢股份,22.1,4.9,15.99,103.309,1.38
sh600498,烽火通信,13.3,-1.2,9.62,226.554,1.38
sh600400,红豆股份,15.9,5.4,11.5,310.572,1.38
sz002004,华邦颖泰,12.8,2.2,9.31,409.558,1.37
sz000930,中粮生化,12.3,2.6,9.01,921.549,1.37
sh603988,中电电机,10.6,6.3,7.78,690.971,1.36
sh600820,隧道股份,12.9,1.3,9.52,326.388,1.36
sh603222,济民制药,15.7,2.4,11.57,1152.02,1.36
sh600372,中航电子,9.9,-0.6,7.29,126.283,1.36
sh600789,鲁抗医药,25.1,0.9,18.58,559.535,1.35
sz002411,九九久,14.8,3.5,11.0,2351.04,1.35
sh601018,宁波港,12.0,1.1,8.88,169.835,1.35
sz002731,萃华珠宝,10.6,4.3,7.9,440.964,1.34
sh600095,哈高科,17.6,0.1,13.12,425.448,1.34
sh600139,西部资源,23.8,0.8,17.74,176.919,1.34
sz002053,云南盐化,6.9,-1.7,5.15,231.242,1.34
sh600876,洛阳玻璃,8.7,-1.8,6.54,171.763,1.33
sz000663,永安林业,22.9,-6.2,17.17,444.689,1.33
sh601311,骆驼股份,17.7,2.5,13.3,154.692,1.33
sh600737,中粮屯河,15.1,1.1,11.38,450.843,1.33
sz000070,特发信息,22.2,12.3,16.68,355.837,1.33
sh601901,方正证券,7.0,0.4,5.32,201.329,1.32
sh600711,盛屯矿业,14.9,0.0,11.3,585.906,1.32
sz002529,海源机械,28.0,6.4,21.14,1098.93,1.32
sz000661,长春高新,10.0,6.8,7.65,261.686,1.31
sh600612,老凤祥,10.7,2.6,8.24,56.8343,1.3
sh600439,瑞贝卡,17.9,2.4,13.76,260.968,1.3
sz002690,美亚光电,14.0,2.5,10.79,153.797,1.3
sh601880,大连港,15.3,10.9,11.73,164.33,1.3
sz002673,西部证券,7.1,1.0,5.45,372.531,1.3
sh600238,海南椰岛,18.7,6.5,14.38,234.644,1.3
sz002559,亚威股份,21.5,7.4,16.68,570.28,1.29
sh600891,秋林集团,15.8,1.2,12.26,274.707,1.29
sz002310,东方园林,10.9,-3.4,8.47,248.197,1.29
sh600576,万好万家,26.0,2.2,20.13,503.626,1.29
sh600212,江泉实业,19.9,-1.3,15.39,412.546,1.29
sz002576,通达动力,25.2,6.8,19.61,237.688,1.29
sz002654,万润科技,24.1,4.0,18.88,562.667,1.28
sh600864,哈投股份,12.6,-1.5,9.86,298.576,1.28
sz002120,新海股份,19.9,-0.5,15.59,430.175,1.28
sz002218,拓日新能,17.9,-2.2,14.06,193.124,1.27
sz000566,海南海药,21.1,1.7,16.55,276.279,1.27
sz000738,中航动控,14.8,6.1,11.65,140.053,1.27
sz002174,游族网络,19.2,4.1,15.27,604.512,1.26
sz002089,新 海 宜,17.0,6.6,13.48,468.033,1.26
sh600622,嘉宝集团,12.9,1.3,10.24,307.23,1.26
sz000615,湖北金环,10.5,3.9,8.31,421.26,1.26
sh600639,浦东金桥,14.3,3.8,11.38,129.139,1.26
sz000967,上风高科,17.0,22.2,13.61,101.106,1.25
sz002040,南 京 港,9.1,-9.3,7.3,274.294,1.25
sh600289,亿阳信通,11.4,0.7,9.09,907.43,1.25
sz002570,贝因美,9.3,0.5,7.46,161.696,1.25
sh600202,哈空调,24.3,10.2,19.46,253.04,1.25
sh600482,风帆股份,17.2,3.0,13.87,397.983,1.24
sh600449,宁夏建材,7.0,10.0,5.66,175.609,1.24
sh600377,宁沪高速,5.7,24.4,4.6,30.1798,1.24
sh603021,山东华鹏,23.4,3.1,18.84,5407.9,1.24
sz002562,兄弟科技,13.6,9.5,10.99,433.618,1.24
sh600819,耀皮玻璃,9.0,0.9,7.31,159.655,1.23
sh600157,永泰能源,17.1,2.1,13.94,260.997,1.23
sh601058,赛轮金宇,6.1,7.1,4.95,151.895,1.23
sz002241,歌尔声学,5.8,-1.2,4.7,311.196,1.23
sz000616,海航投资,9.3,4.3,7.59,745.05,1.23
sz002579,中京电子,19.1,7.7,15.66,325.91,1.22
sz002591,恒大高新,8.4,-4.3,6.91,271.893,1.22
sh601918,国投新集,18.0,3.4,14.71,245.063,1.22
sz002437,誉衡药业,10.9,1.6,8.91,213.25,1.22
sh600358,国旅联合,14.9,-0.2,12.2,694.082,1.22
sz002136,安 纳 达,16.0,3.8,13.09,512.623,1.22
sz000598,兴蓉投资,9.3,1.5,7.7,464.168,1.21
sz002321,华英农业,11.2,12.9,9.27,295.03,1.21
sz002063,远光软件,17.6,0.9,14.56,605.728,1.21
sz002681,奋达科技,11.8,8.2,9.77,813.18,1.21
sz000893,东凌粮油,10.5,7.1,8.65,430.942,1.21
sz000777,中核科技,18.8,1.7,15.58,432.206,1.21
sh600546,山煤国际,7.8,5.8,6.5,221.905,1.2
sh603456,九洲药业,16.0,5.9,13.35,284.995,1.2
sz002311,海大集团,12.5,-19.7,10.44,47.4595,1.2
sz002438,江苏神通,15.6,7.1,13.05,476.395,1.2
sz002048,宁波华翔,14.9,6.7,12.39,365.192,1.2
sz000711,*ST京蓝,11.5,7.7,9.69,357.67,1.19
sh600353,旭光股份,11.3,2.9,9.5,256.526,1.19
sz000953,河池化工,24.0,1.0,20.11,240.841,1.19
sh600120,浙江东方,12.0,4.6,10.08,203.747,1.19
sh600038,中直股份,10.4,-0.5,8.8,334.548,1.18
sz002124,天邦股份,14.2,3.3,12.02,262.069,1.18
sh600590,泰豪科技,19.1,-2.9,16.33,258.105,1.17
sz002076,雪 莱 特,14.7,0.0,12.57,466.591,1.17
sz000089,深圳机场,11.3,5.5,9.62,315.322,1.17
sz002292,奥飞动漫,16.3,-2.2,14.1,337.853,1.16
sh600839,四川长虹,12.3,0.3,10.7,526.537,1.15
sh600110,中科英华,13.3,1.8,11.6,593.465,1.15
sz002734,利民股份,12.3,10.3,10.65,896.151,1.15
sz002286,保龄宝,13.9,6.3,12.11,476.777,1.15
sh600300,维维股份,11.2,-0.3,9.78,1158.35,1.15
sh600833,第一医药,15.3,12.5,13.25,234.787,1.15
sz002733,雄韬股份,15.1,9.1,13.1,493.512,1.15
sz001896,豫能控股,7.9,-18.3,6.88,56.2944,1.15
sz002266,浙富控股,17.6,-0.2,15.26,490.768,1.15
sh600103,青山纸业,14.8,1.1,12.87,440.877,1.15
sz000868,安凯客车,14.7,3.6,12.9,419.89,1.14
sh603611,诺力股份,11.7,1.7,10.25,1734.28,1.14
sh600257,大湖股份,10.3,5.3,9.05,389.229,1.14
sz002415,海康威视,9.9,0.5,8.7,162.298,1.14
sh601099,太平洋,11.3,0.3,9.91,429.095,1.14
sh600865,百大集团,19.1,-1.9,16.74,271.505,1.14
sh600798,宁波海运,23.3,2.7,20.39,340.253,1.14
sh600854,春兰股份,8.5,3.4,7.47,219.433,1.14
sh603019,中科曙光,10.8,4.1,9.45,575.755,1.14
sz000166,申万宏源,5.7,0.8,5.04,331.803,1.13
sz000031,中粮地产,9.5,1.6,8.45,299.276,1.12
sz002719,麦趣尔,11.5,1.6,10.24,591.354,1.12
sz002282,博深工具,13.2,11.2,11.77,268.034,1.12
sz002152,广电运通,10.5,0.7,9.46,181.171,1.11
sz002435,长江润发,11.7,11.9,10.5,221.528,1.11
sh600620,天宸股份,6.9,3.4,6.24,226.713,1.11
sz000662,索芙特,18.1,3.2,16.24,208.552,1.11
sz002537,海立美达,13.8,3.8,12.43,148.459,1.11
sz002597,金禾实业,12.9,16.6,11.69,242.676,1.1
sz002693,双成药业,7.1,4.7,6.48,1036.94,1.1
sh600605,汇通能源,17.1,-0.8,15.51,333.002,1.1
sz000721,西安饮食,12.0,1.6,11.03,284.156,1.09
sz002672,东江环保,18.6,-1.3,17.02,322.847,1.09
sz000519,江南红箭,8.7,-7.1,8.01,429.484,1.09
sh601011,宝泰隆,13.0,2.1,12.06,124.996,1.08
sz000685,中山公用,8.1,-2.5,7.53,194.614,1.08
sh603199,九华旅游,10.7,3.7,9.93,677.604,1.08
sh601669,中国电建,8.2,0.0,7.64,1515.32,1.07
sz002439,启明星辰,24.2,2.4,22.56,582.398,1.07
sz002342,巨力索具,9.2,2.8,8.56,377.823,1.07
sh600021,上海电力,21.4,0.7,20.02,357.327,1.07
sh600026,中海发展,7.4,1.8,6.97,382.954,1.06
sz002564,天沃科技,11.1,4.0,10.43,373.053,1.06
sz002365,永安药业,11.4,-2.6,10.76,325.23,1.06
sh600536,中国软件,5.7,0.4,5.44,861.574,1.05
sh600176,中国巨石,2.8,0.6,2.66,371.646,1.05
sz002369,卓翼科技,14.3,2.0,13.6,568.846,1.05
sz000069,华侨城Ａ,4.1,-1.2,3.91,295.706,1.05
sz002686,亿利达,11.5,13.1,10.95,701.787,1.05
sz002067,景兴纸业,11.5,4.5,10.99,449.494,1.05
sz002247,帝龙新材,5.9,1.9,5.64,313.784,1.05
sz002632,道明光学,15.2,-9.1,14.59,231.88,1.04
sh600118,中国卫星,13.3,0.1,12.85,626.819,1.04
sz002636,金安国纪,27.4,5.0,26.43,1325.29,1.04
sz000030,富奥股份,12.0,-5.0,11.49,300.825,1.04
sz002446,盛路通信,20.7,4.5,19.94,494.723,1.04
sh603306,华懋科技,12.9,5.4,12.35,700.103,1.04
sh600509,天富能源,5.2,3.1,5.01,230.402,1.04
sz000988,华工科技,14.0,2.0,13.42,1053.4,1.04
sh600851,海欣股份,10.4,6.6,10.14,287.647,1.03
sh600220,江苏阳光,6.4,8.5,6.21,284.858,1.03
sz002726,龙大肉食,8.2,4.5,8.0,469.057,1.02
sh603126,中材节能,8.0,1.7,7.88,588.085,1.02
sz002578,闽发铝业,16.6,-5.8,16.23,794.022,1.02
sz000901,航天科技,11.2,0.6,10.99,444.127,1.02
sh600986,科达股份,19.0,0.8,18.84,513.118,1.01
sz000157,中联重科,6.6,1.4,6.56,215.821,1.01
sz000987,广州友谊,9.9,8.9,9.9,261.662,1.0
sz000727,华东科技,6.7,9.1,6.68,183.085,1.0
sz002407,多氟多,8.5,9.2,8.54,428.556,1.0
sh600019,宝钢股份,9.5,0.3,9.49,146.046,1.0
sh600485,信威集团,9.7,-1.6,9.72,704.679,1.0
sh600089,特变电工,6.9,-0.4,6.93,313.841,1.0
sh603788,宁波高发,14.0,10.6,14.06,639.097,1.0
sz002329,皇氏集团,9.3,7.6,9.36,358.698,0.99
sz000561,烽火电子,11.4,-0.5,11.46,701.67,0.99
sz002427,尤夫股份,11.0,6.4,11.09,147.536,0.99
sz002687,乔治白,12.9,-9.8,13.2,283.321,0.98
sz002426,胜利精密,12.4,0.6,12.63,245.161,0.98
sh600106,重庆路桥,13.0,-1.1,13.26,328.128,0.98
sz000836,鑫茂科技,18.8,9.7,19.23,295.832,0.98
sz002588,史丹利,10.5,-2.5,10.7,219.035,0.98
sh600593,大连圣亚,11.4,2.7,11.58,460.092,0.98
sh600511,国药股份,5.6,0.8,5.79,216.853,0.97
sz000613,大东海A,10.7,-1.4,10.99,470.967,0.97
sz002338,奥普光电,13.9,20.1,14.33,110.556,0.97
sh601216,内蒙君正,10.7,0.5,11.05,265.594,0.97
sz002148,北纬通信,10.4,4.4,10.84,1629.82,0.96
sz000918,嘉凯城,7.1,2.1,7.42,82.8252,0.96
sh603288,海天味业,10.7,-9.3,11.2,202.427,0.96
sh600621,华鑫股份,12.8,4.5,13.32,222.679,0.96
sh600210,紫江企业,11.8,1.8,12.38,684.219,0.95
sh600685,广船国际,8.8,1.3,9.3,270.416,0.95
sh603678,火炬电子,13.4,20.4,14.04,288.019,0.95
sz002051,中工国际,5.5,2.2,5.77,309.2,0.95
sh600479,千金药业,9.1,0.5,9.68,244.691,0.94
sz002481,双塔食品,4.6,-7.9,4.88,142.031,0.94
sh600345,长江通信,8.8,-0.8,9.34,239.681,0.94
sh603869,北部湾旅,18.0,3.4,19.21,1093.91,0.94
sh600666,西南药业,13.1,2.3,14.01,255.159,0.94
sh601390,中国中铁,8.2,0.0,8.83,409.799,0.93
sh600641,万业企业,6.7,9.7,7.21,157.121,0.93
sh600586,金晶科技,5.2,7.8,5.61,507.401,0.93
sh603015,弘讯科技,12.6,2.9,13.5,921.273,0.93
sz002527,新时达,15.8,0.0,16.98,696.355,0.93
sz002516,江苏旷达,17.7,12.7,19.08,243.687,0.93
sh600815,厦工股份,10.0,2.9,10.92,283.768,0.92
sh603600,永艺股份,12.9,-2.1,13.99,4022.07,0.92
sz002153,石基信息,3.9,0.3,4.24,222.838,0.92
sh601872,招商轮船,5.4,2.6,5.85,236.051,0.92
sz000029,深深房Ａ,9.2,5.3,9.97,197.551,0.92
sz002528,英飞拓,9.0,3.6,9.93,260.139,0.91
sh600112,天成控股,17.7,-0.3,19.39,638.446,0.91
sh600135,乐凯胶片,17.8,-0.7,19.86,488.141,0.9
sz000504,南华生物,4.4,-0.8,4.88,210.962,0.9
sz000818,方大化工,11.9,1.2,13.2,380.983,0.9
sz002052,同洲电子,5.8,2.0,6.48,809.68,0.9
sz002664,信质电机,7.3,11.0,8.08,171.208,0.9
sz002677,浙江美大,11.0,12.4,12.16,469.591,0.9
sz000554,泰山石油,10.8,6.5,12.17,570.595,0.89
sh600363,联创光电,7.8,3.4,8.74,454.755,0.89
sh600821,津劝业,11.9,-0.1,13.33,430.784,0.89
sh603799,华友钴业,14.9,0.6,16.73,546.048,0.89
sh600868,梅雁吉祥,8.0,4.7,9.02,437.393,0.89
sh600108,亚盛集团,5.3,0.8,5.95,438.375,0.89
sh600834,申通地铁,13.4,2.9,15.02,120.245,0.89
sz002718,友邦吊顶,4.9,-4.2,5.59,750.131,0.88
sh600959,江苏有线,26.5,152.8,30.06,18.8917,0.88
sh600863,内蒙华电,6.6,-0.2,7.46,263.304,0.88
sz000673,当代东方,9.2,7.3,10.62,350.23,0.87
sz000682,东方电子,12.5,4.3,14.42,495.829,0.87
sh600074,保千里,14.4,6.8,16.53,363.064,0.87
sz002228,合兴包装,10.5,-7.9,12.04,127.268,0.87
sz000731,四川美丰,6.4,6.0,7.48,423.838,0.86
sz002390,信邦制药,13.2,5.6,15.3,437.247,0.86
sz002713,东易日盛,11.5,0.9,13.31,635.516,0.86
sh600867,通化东宝,7.4,-2.8,8.63,180.777,0.86
sh600375,华菱星马,9.5,2.9,11.03,659.189,0.86
sz000785,武汉中商,13.9,5.2,16.37,214.954,0.85
sz000973,佛塑科技,6.9,-3.0,8.08,753.989,0.85
sz000066,长城电脑,11.9,1.4,14.0,361.227,0.85
sz002735,王子新材,7.6,8.1,8.93,1911.96,0.85
sh600240,华业地产,8.6,2.1,10.14,227.329,0.85
sh600370,三房巷,9.2,0.6,10.93,149.288,0.84
sz002058,威 尔 泰,15.3,5.4,18.12,223.082,0.84
sh601886,江河创建,11.7,6.1,13.95,122.012,0.84
sz002678,珠江钢琴,10.9,13.3,12.98,349.987,0.84
sz000812,陕西金叶,7.3,5.4,8.74,319.775,0.84
sz002308,威创股份,15.2,6.7,18.21,523.302,0.83
sz002351,漫步者,10.9,2.8,13.17,257.219,0.83
sz002747,埃斯顿,16.7,7.2,20.24,2143.9,0.83
sz000701,厦门信达,7.7,4.4,9.28,312.794,0.83
sh600640,号百控股,7.7,3.8,9.25,499.096,0.83
sz000665,湖北广电,7.5,7.5,8.99,427.072,0.83
sz000670,盈方微,6.4,3.9,7.67,355.783,0.83
sz002270,法因数控,8.3,4.5,9.99,2088.23,0.83
sz002348,高乐股份,14.0,3.2,17.04,479.201,0.82
sz002432,九安医疗,7.8,2.1,9.5,389.867,0.82
sz000767,漳泽电力,13.1,1.5,16.02,725.034,0.82
sz002611,东方精工,15.3,0.7,18.64,412.114,0.82
sz002619,巨龙管业,5.2,-1.0,6.41,257.387,0.81
sz000933,神火股份,5.9,4.5,7.31,126.466,0.81
sz002479,富春环保,12.4,7.0,15.36,206.594,0.81
sh600310,桂东电力,7.3,-3.6,8.99,250.179,0.81
sh600198,大唐电信,7.0,0.3,8.67,356.806,0.81
sz002450,康得新,12.3,0.1,15.44,196.303,0.8
sh603828,柯利达,8.1,6.6,10.09,541.694,0.8
sz002585,双星新材,5.7,-1.5,7.11,232.189,0.8
sh600982,宁波热电,4.6,2.5,5.78,256.741,0.8
sh600009,上海机场,6.8,-4.9,8.48,109.871,0.8
sz000096,广聚能源,12.7,2.7,15.89,698.035,0.8
sz000961,中南建设,8.0,4.2,10.03,91.6826,0.8
sz000759,中百集团,6.0,6.7,7.5,101.947,0.8
sz002056,横店东磁,4.2,8.0,5.35,173.938,0.79
sh600630,龙头股份,13.3,-2.8,16.85,324.828,0.79
sz002628,成都路桥,5.7,4.9,7.18,451.333,0.79
sz000690,宝新能源,8.2,0.4,10.54,351.355,0.78
sh601021,春秋航空,9.5,-1.6,12.2,229.445,0.78
sh600122,宏图高科,12.7,-0.6,16.27,349.417,0.78
sz000631,顺发恒业,6.4,8.3,8.17,105.795,0.78
sh600299,蓝星新材,15.8,5.0,20.24,157.435,0.78
sh603030,全筑股份,20.6,2.8,26.28,1299.17,0.78
sh600712,南宁百货,9.4,5.4,12.15,516.456,0.77
sz002745,木林森,14.9,2.4,19.24,913.409,0.77
sz002739,万达院线,17.3,6.4,22.46,865.788,0.77
sz002404,嘉欣丝绸,8.9,2.6,11.76,505.052,0.76
sh600708,海博股份,11.5,6.1,15.08,301.408,0.76
sz002217,合力泰,12.8,-4.8,16.85,439.408,0.76
sz002300,太阳电缆,8.6,0.9,11.45,147.116,0.75
sh603998,方盛制药,8.7,3.2,11.53,929.744,0.75
sh600850,华东电脑,8.3,-0.8,11.25,304.642,0.74
sh600992,贵绳股份,6.7,6.3,9.0,308.606,0.74
sh600555,九龙山,16.3,2.8,21.97,361.89,0.74
sh600078,澄星股份,6.1,5.1,8.2,262.035,0.74
sz002324,普利特,6.3,16.1,8.5,195.767,0.74
sz002609,捷顺科技,8.8,0.4,12.09,1140.47,0.73
sz002111,威海广泰,14.5,6.4,19.99,545.998,0.73
sh600073,上海梅林,7.1,0.4,9.79,262.107,0.73
sh600160,巨化股份,4.9,6.8,6.74,146.687,0.73
sh600598,XD北大荒,6.2,1.6,8.48,159.697,0.73
sz002389,南洋科技,9.9,4.6,13.73,696.854,0.72
sh600433,冠豪高新,3.4,4.1,4.71,120.431,0.72
sz000049,德赛电池,4.8,3.2,6.65,321.701,0.72
sz002258,利尔化学,4.7,4.5,6.49,128.982,0.72
sz002317,众生药业,4.1,9.3,5.73,308.43,0.72
sh600162,香江控股,5.5,4.4,7.61,240.076,0.72
sh603818,曲美股份,8.4,0.0,11.78,2867.53,0.71
sz002309,中利科技,3.4,-1.9,4.78,287.156,0.71
sz002166,莱茵生物,7.5,4.9,10.63,611.065,0.71
sh600360,华微电子,6.3,0.9,8.83,419.666,0.71
sh600207,安彩高科,8.0,-1.1,11.21,379.421,0.71
sh600661,新南洋,6.4,1.2,8.99,924.62,0.71
sz002322,理工监测,9.4,0.6,13.18,314.217,0.71
sz002615,哈尔斯,10.3,7.6,14.57,619.997,0.71
sz002112,三变科技,10.8,1.7,15.19,482.309,0.71
sh600088,中视传媒,5.2,1.4,7.43,348.445,0.7
sz002377,国创高新,5.0,0.2,7.15,210.574,0.7
sz002243,通产丽星,5.1,-3.9,7.28,159.268,0.7
sh600871,石化油服,6.0,3.9,8.56,643.222,0.7
sz002014,永新股份,6.2,-3.2,8.84,442.359,0.7
sz002400,省广股份,8.2,-5.1,11.78,177.276,0.7
sz002006,精功科技,5.5,6.9,7.86,232.142,0.7
sz002003,伟星股份,6.9,-1.0,10.01,180.353,0.69
sz002229,鸿博股份,6.3,5.6,9.08,485.091,0.69
sh600581,八一钢铁,4.8,0.3,6.96,292.612,0.69
sz002697,红旗连锁,8.2,-1.7,11.84,891.416,0.69
sz000791,甘肃电投,5.3,6.7,7.82,392.439,0.68
sz002382,蓝帆医疗,6.1,-6.8,8.93,212.205,0.68
sz002230,科大讯飞,12.2,0.0,18.01,604.782,0.68
sz000639,西王食品,11.0,16.1,16.07,186.04,0.68
sh600227,赤天化,6.3,-0.7,9.26,452.551,0.68
sz002461,珠江啤酒,5.5,10.4,8.23,79.0159,0.67
sz002647,宏磊股份,6.2,3.4,9.25,550.452,0.67
sh600121,郑州煤电,3.9,2.0,5.92,206.758,0.66
sz002050,三花股份,7.9,1.7,11.99,200.462,0.66
sh600699,均胜电子,10.1,0.1,15.38,347.173,0.66
sz002459,天业通联,8.7,-5.5,13.17,613.626,0.66
sz002492,恒基达鑫,6.5,3.2,9.92,176.295,0.66
sz000803,金宇车城,7.0,7.9,10.59,402.373,0.66
sh600127,金健米业,6.4,7.7,9.75,366.487,0.66
sz002665,首航节能,5.8,6.7,8.85,319.463,0.66
sz002115,三维通信,8.3,8.0,12.51,702.68,0.66
sh600100,同方股份,7.1,0.2,10.7,547.603,0.66
sz000678,襄阳轴承,5.9,-5.6,8.97,285.626,0.66
sh600037,歌华有线,6.5,1.6,10.06,236.668,0.65
sh600285,羚锐制药,10.0,1.2,15.29,806.372,0.65
sz002190,成飞集成,4.5,9.9,6.94,245.698,0.65
sh600159,大龙地产,11.6,8.0,17.82,383.665,0.65
sh600373,中文传媒,6.1,-5.0,9.47,115.978,0.64
sz000430,张家界,4.0,3.5,6.35,283.963,0.63
sz000707,双环科技,5.5,13.2,8.7,280.089,0.63
sz002222,福晶科技,8.7,-1.5,13.75,317.866,0.63
sz002433,太安堂,5.2,1.2,8.23,482.182,0.63
sz002073,软控股份,9.0,2.5,14.34,744.811,0.63
sh600526,菲达环保,7.7,0.3,12.3,1258.16,0.63
sz002379,鲁丰环保,6.0,12.5,9.58,520.325,0.63
sz002069,獐 子 岛,7.6,10.4,12.11,164.513,0.63
sz002142,宁波银行,3.3,-1.2,5.29,190.097,0.62
sh600811,东方集团,3.9,1.1,6.32,308.845,0.62
sh600063,皖维高新,7.1,8.9,11.42,276.56,0.62
sh600642,申能股份,6.6,-0.5,10.7,144.477,0.62
sh600283,钱江水利,4.4,-0.4,7.21,441.337,0.61
sh603158,腾龙股份,7.8,-4.4,12.75,1108.42,0.61
sh600313,农发种业,6.9,2.8,11.36,222.637,0.61
sz002508,老板电器,7.8,-5.3,13.04,95.7043,0.6
sh601607,上海医药,8.8,-1.6,14.75,162.238,0.6
sz002178,延华智能,9.9,4.8,16.56,439.002,0.6
sz000978,桂林旅游,3.9,-7.4,6.52,208.263,0.6
sz000903,云内动力,4.9,1.4,8.23,229.344,0.6
sh600577,精达股份,6.5,0.7,11.07,256.053,0.59
sz002356,浩宁达,11.7,4.9,19.79,474.008,0.59
sz002200,云投生态,8.6,1.3,14.8,590.804,0.58
sh600167,联美控股,5.2,-4.8,9.0,106.386,0.58
sz000021,深科技,6.8,0.0,11.71,367.819,0.58
sz002206,海 利 得,6.5,0.4,11.13,419.806,0.58
sh600790,轻纺城,5.2,2.5,9.03,638.945,0.58
sz002634,棒杰股份,5.5,-13.6,9.73,210.716,0.57
sh601555,东吴证券,3.7,0.0,6.54,248.542,0.57
sh600496,精工钢构,7.1,-4.6,12.47,261.208,0.57
sz002551,尚荣医疗,8.4,-6.3,14.8,399.994,0.57
sz002641,永高股份,5.6,-1.7,9.92,122.373,0.56
sz000750,国海证券,5.2,0.9,9.32,234.943,0.56
sh603118,共进股份,9.1,4.5,16.25,779.615,0.56
sh600031,三一重工,3.3,-0.2,5.93,220.756,0.56
sz002737,葵花药业,5.7,1.8,10.25,684.558,0.56
sh600987,航民股份,3.8,4.9,6.8,175.049,0.56
sz000931,中 关 村,1.8,3.0,3.27,1592.73,0.55
sh600662,强生控股,6.2,2.2,11.37,214.734,0.55
sh600115,东方航空,6.0,-0.6,11.02,207.1,0.54
sh600565,迪马股份,6.1,-0.3,11.44,777.919,0.53
sz000923,河北宣工,6.0,-15.1,11.39,485.555,0.53
sh600311,荣华实业,3.3,3.5,6.18,343.593,0.53
sh600020,中原高速,5.7,1.2,10.78,242.403,0.53
sz002280,联络互动,9.0,3.8,17.12,1140.36,0.53
sz002002,鸿达兴业,6.8,-0.4,13.2,483.921,0.52
sz000920,南方汇通,4.1,2.8,7.88,242.318,0.52
sz000058,深 赛 格,10.8,6.3,20.67,320.385,0.52
sh601788,光大证券,2.9,0.8,5.55,228.705,0.52
sz002378,章源钨业,3.2,0.2,6.13,87.0898,0.52
sh601616,广电电气,6.6,5.8,12.86,294.022,0.51
sz000606,青海明胶,5.2,-2.6,10.2,445.923,0.51
sz000019,深深宝Ａ,5.4,5.1,10.6,207.715,0.51
sz000582,北部湾港,3.1,1.5,6.26,275.528,0.5
sh600389,江山股份,2.0,3.2,4.02,113.702,0.5
sh600705,中航资本,3.5,0.1,7.12,437.268,0.49
sz000712,锦龙股份,4.8,-0.2,9.72,389.844,0.49
sz002465,海格通信,5.4,0.4,11.08,358.045,0.49
sh600569,安阳钢铁,4.0,12.8,8.09,175.073,0.49
sz002397,梦洁家纺,6.5,-2.8,13.27,661.781,0.49
sh600527,江南高纤,3.9,2.6,8.03,349.453,0.49
sz002545,东方铁塔,3.4,0.4,6.99,262.602,0.49
sh601328,交通银行,1.4,-0.1,2.85,82.2307,0.49
sz002500,山西证券,4.8,0.2,9.74,618.357,0.49
sz000919,金陵药业,4.9,-0.2,10.12,488.017,0.48
sh603318,派思股份,14.3,172.5,29.99,95.5532,0.48
sh601208,东材科技,3.6,-6.7,7.47,212.04,0.48
sh601222,林洋电子,5.5,-13.0,11.62,122.477,0.47
sz002518,科士达,3.7,2.6,7.92,288.132,0.47
sh600875,东方电气,7.2,-0.1,15.43,305.58,0.47
sz002595,豪迈科技,5.7,1.4,12.04,309.837,0.47
sh600175,美都能源,2.8,8.4,6.09,263.769,0.46
sz000488,晨鸣纸业,4.2,-5.1,9.22,409.736,0.46
sz000825,太钢不锈,6.3,-2.2,13.6,185.915,0.46
sh603766,XD隆鑫通,5.5,-5.3,11.98,292.792,0.46
sh600760,中航黑豹,3.7,0.4,8.05,1161.55,0.46
sh600579,天华院,3.6,14.0,8.08,276.777,0.45
sz002144,宏达高科,3.0,-3.1,6.67,491.535,0.45
sz000063,中兴通讯,4.5,-0.1,9.92,419.2,0.45
sh600409,三友化工,2.5,6.0,5.57,275.466,0.45
sh600116,三峡水利,3.3,6.1,7.46,470.517,0.44
sz002666,德联集团,4.9,-3.9,11.12,845.291,0.44
sz002364,中恒电气,4.6,9.1,10.37,212.738,0.44
sh600501,航天晨光,4.3,9.8,9.75,221.423,0.44
sz000547,闽福发Ａ,8.1,2.2,18.37,295.854,0.44
sz002043,兔 宝 宝,4.4,2.1,9.93,280.877,0.44
sz000498,山东路桥,4.4,5.2,9.89,575.383,0.44
sz002350,北京科锐,8.6,8.6,19.88,158.779,0.43
sh600101,明星电力,4.6,4.1,10.6,309.397,0.43
sz002429,兆驰股份,3.1,-10.5,7.39,145.921,0.42
sz002201,九鼎新材,4.0,3.7,9.59,147.814,0.42
sz002642,荣之联,4.8,0.6,11.51,799.862,0.42
sz002099,海翔药业,4.1,12.1,9.65,584.785,0.42
sz000521,美菱电器,2.7,5.0,6.58,282.068,0.41
sz002703,浙江世宝,5.4,7.7,13.29,1649.92,0.41
sh600268,国电南自,3.7,-1.1,8.99,260.715,0.41
sz000899,赣能股份,6.1,8.1,14.91,399.43,0.41
sz002232,启明信息,2.6,2.4,6.32,957.224,0.41
sz002372,伟星新材,4.2,3.0,10.3,97.7152,0.41
sz002194,武汉凡谷,4.7,-2.2,11.39,187.906,0.41
sz002210,飞马国际,7.8,8.5,19.09,238.193,0.41
sz000421,南京中北,3.8,7.7,9.53,282.266,0.4
sh600152,维科精华,5.6,1.2,14.03,734.314,0.4
sh600861,北京城乡,3.7,2.0,9.33,153.559,0.4
sz002751,易尚展示,12.1,168.3,30.03,67.7107,0.4
sz002444,巨星科技,3.7,5.9,9.3,228.849,0.4
sh600231,凌钢股份,2.3,-0.8,5.97,168.537,0.39
sh600739,辽宁成大,3.9,-0.6,9.96,244.648,0.39
sz002600,江粉磁材,4.0,2.4,10.35,484.028,0.39
sh600613,神奇制药,3.1,8.1,7.95,276.145,0.39
sz002741,光华科技,5.7,10.1,14.78,850.964,0.39
sz002449,国星光电,6.1,4.3,16.14,679.514,0.38
sz002167,东方锆业,3.7,9.5,9.65,379.822,0.38
sz002610,爱康科技,6.8,-1.8,17.94,410.29,0.38
sz002496,辉丰股份,6.2,-1.1,16.15,322.17,0.38
sz002005,德豪润达,4.1,2.1,10.68,424.802,0.38
sh601857,中国石油,1.4,-0.1,3.66,10.6355,0.38
sz002694,顾地科技,4.6,-1.1,12.09,1482.35,0.38
sz002658,雪迪龙,3.1,-3.0,8.49,508.397,0.37
sz002193,山东如意,3.5,9.8,9.38,219.031,0.37
sh603008,喜临门,3.8,-2.4,10.24,412.054,0.37
sh600653,申华控股,4.9,2.6,13.21,426.708,0.37
sz000695,滨海能源,3.5,2.2,9.57,283.84,0.37
sh601388,怡球资源,2.6,7.1,7.17,222.598,0.36
sz002696,百洋股份,4.5,7.2,12.43,891.236,0.36
sh600428,中远航运,3.7,0.8,10.14,451.608,0.36
sz002560,通达股份,3.0,4.1,8.34,579.34,0.36
sz002561,徐家汇,3.1,2.5,8.66,154.075,0.36
sh600166,福田汽车,2.6,3.0,7.13,215.632,0.36
sh600130,波导股份,2.6,3.1,7.31,307.159,0.36
sz002511,中顺洁柔,2.7,2.2,7.81,243.933,0.35
sz002538,司尔特,3.5,-1.5,10.04,242.297,0.35
sh600183,生益科技,2.4,-2.3,6.87,575.773,0.35
sh600222,太龙药业,2.7,-1.7,7.66,1257.5,0.35
sh600981,汇鸿股份,4.0,-0.6,11.34,139.547,0.35
sz002540,亚太科技,3.4,2.5,9.75,706.23,0.35
sh600125,铁龙物流,4.3,3.1,12.43,340.332,0.35
sh603333,明星电缆,5.9,9.8,17.4,261.091,0.34
sh601377,兴业证券,1.8,0.2,5.35,265.981,0.34
sz000722,湖南发展,1.9,0.3,5.63,922.229,0.34
sz000975,银泰资源,2.7,7.4,8.1,249.033,0.33
sz000735,罗 牛 山,2.2,1.3,6.69,341.731,0.33
sh601238,广汽集团,3.8,6.8,11.37,35.5686,0.33
sz002635,安洁科技,3.3,-0.4,10.06,382.473,0.33
sz002327,富安娜,3.3,-1.3,10.1,189.538,0.33
sh600757,长江传媒,3.5,5.7,10.46,170.355,0.33
sh603002,宏昌电子,4.2,-3.0,12.55,600.098,0.33
sh601000,唐山港,2.3,1.4,7.23,324.596,0.32
sh603111,康尼机电,2.9,-1.1,9.18,1546.27,0.32
sh601991,大唐发电,2.9,3.0,8.99,100.4,0.32
sh600801,华新水泥,3.3,4.8,10.18,223.878,0.32
sz002523,天桥起重,5.5,20.6,17.39,532.256,0.32
sh600131,岷江水电,2.7,-10.0,8.67,303.146,0.31
sz000055,方大集团,3.3,-1.7,10.7,304.204,0.31
sh600537,亿晶光电,1.4,6.3,4.51,283.351,0.31
sz002291,星期六,2.8,2.5,9.12,519.079,0.31
sz000758,中色股份,2.5,1.2,7.97,265.284,0.31
sh601012,隆基股份,4.8,1.9,15.68,595.915,0.31
sh600251,冠农股份,3.2,5.7,10.4,133.722,0.31
sh601107,四川成渝,3.2,14.0,10.57,122.812,0.3
sz002682,龙洲股份,3.0,8.8,9.96,369.901,0.3
sz002163,中航三鑫,2.6,7.5,8.94,345.173,0.29
sz002732,燕塘乳业,3.3,4.8,11.22,571.233,0.29
sz002623,亚玛顿,1.8,3.6,6.54,132.725,0.28
sz000565,渝三峡Ａ,2.3,6.1,8.34,256.107,0.28
sh600676,交运股份,3.8,3.0,13.63,223.934,0.28
sh600284,浦东建设,3.1,2.3,10.99,342.549,0.28
sh600481,双良节能,1.7,0.6,6.15,294.104,0.28
sh600316,洪都航空,2.2,1.1,7.84,439.234,0.28
sz002413,常发股份,3.6,1.9,13.18,138.905,0.27
sh600530,交大昂立,2.6,-2.5,9.77,235.21,0.27
sz000688,建新矿业,3.6,-7.8,13.35,684.523,0.27
sh601179,中国西电,4.1,-0.4,15.22,193.126,0.27
sh600683,京投银泰,2.5,-5.6,9.1,214.71,0.27
sh600432,吉恩镍业,1.2,-5.4,4.4,287.171,0.27
sz002224,三 力 士,3.7,18.3,13.92,246.332,0.27
sz002025,航天电器,2.7,9.8,10.26,294.562,0.26
sh600716,凤凰股份,1.4,1.4,5.33,206.063,0.26
sz000552,靖远煤电,1.1,1.9,4.3,247.147,0.26
sz002239,金 飞 达,6.0,1.7,23.02,572.228,0.26
sh601800,中国交建,2.6,-0.2,10.18,143.633,0.26
sz002749,国光股份,2.4,1.3,9.56,1262.27,0.25
sh600381,贤成矿业,3.9,4.0,15.55,320.943,0.25
sh600548,深高速,1.9,-0.0,7.58,67.0796,0.25
sh601116,三江购物,2.0,5.8,8.43,295.211,0.24
sz002185,华天科技,2.2,-0.4,9.14,247.501,0.24
sz002550,千红制药,3.1,8.5,12.8,211.771,0.24
sh600557,康缘药业,1.4,-2.3,5.79,396.969,0.24
sh603025,大豪科技,4.2,-0.4,17.76,2361.65,0.24
sz002074,东源电器,2.4,2.8,10.16,273.763,0.24
sz002605,姚记扑克,2.2,-2.6,9.03,310.76,0.24
sh600295,鄂尔多斯,1.2,-6.9,4.99,145.654,0.24
sh600675,中华企业,2.2,0.9,9.03,258.301,0.24
sz002468,艾迪西,1.5,-9.9,6.53,89.6541,0.23
sh600616,金枫酒业,2.2,9.6,9.4,210.905,0.23
sz002746,仙坛股份,2.0,8.5,8.74,2046.77,0.23
sz000839,中信国安,2.0,1.3,8.86,314.622,0.23
sz002469,三维工程,1.8,2.1,7.82,361.602,0.23
sz002463,沪电股份,1.9,7.7,8.27,207.107,0.23
sh600337,美克家居,3.1,-6.5,13.4,149.67,0.23
sh600403,大有能源,1.3,-2.1,5.79,39.5945,0.22
sz000603,盛达矿业,2.5,-2.6,11.55,251.443,0.22
sz002082,栋梁新材,1.6,-5.9,7.24,282.683,0.22
sz002631,德尔家居,4.2,13.6,19.25,253.586,0.22
sz000573,粤宏远Ａ,1.8,2.0,8.51,451.784,0.21
sz002330,得利斯,3.5,9.8,16.9,189.53,0.21
sz002684,猛狮科技,2.2,4.3,10.48,491.172,0.21
sh600255,鑫科材料,2.5,1.6,12.15,435.808,0.21
sz000911,南宁糖业,1.6,-9.9,7.78,147.636,0.21
sz002366,丹甫股份,2.6,2.6,12.31,380.984,0.21
sh600094,大名城,2.1,0.9,10.33,132.106,0.2
sz002526,山东矿机,2.6,2.3,12.75,846.133,0.2
sh603588,高能环境,2.0,13.0,10.01,177.51,0.2
sz002313,日海通讯,2.5,3.0,12.72,464.759,0.2
sz000751,锌业股份,1.2,9.8,5.94,528.809,0.2
sh603166,福达股份,1.6,-2.2,8.16,513.993,0.2
sz002724,海洋王,2.0,-3.2,9.91,2233.3,0.2
sz002042,华孚色纺,2.4,-4.1,12.12,198.204,0.2
sh600290,华仪电气,1.8,-1.9,9.23,207.986,0.2
sz002168,深圳惠程,1.9,-0.2,9.85,336.888,0.19
sz002371,七星电子,1.4,-2.2,7.54,133.465,0.19
sz002118,紫鑫药业,1.3,5.4,6.71,319.431,0.19
sh600618,氯碱化工,1.2,7.7,6.36,119.312,0.19
sh603618,杭电股份,2.5,2.8,13.06,1404.35,0.19
sz000985,大庆华科,1.6,1.7,8.36,208.236,0.19
sh600354,敦煌种业,1.7,2.3,9.69,254.768,0.18
sh600366,宁波韵升,2.1,0.0,11.75,507.779,0.18
sz002029,七 匹 狼,1.3,-2.5,7.35,323.74,0.18
sz000683,远兴能源,1.8,6.8,10.19,350.55,0.18
sh600770,综艺股份,2.8,-0.1,15.84,368.697,0.18
sh600068,葛洲坝,1.2,0.3,7.05,530.58,0.17
sz002478,常宝股份,1.7,-0.8,9.91,324.319,0.17
sz002175,广陆数测,0.9,7.4,5.16,257.983,0.17
sz002260,伊 立 浦,2.4,-3.3,14.44,275.859,0.17
sz000702,正虹科技,2.4,0.1,13.85,319.027,0.17
sz000425,徐工机械,0.8,-2.2,5.09,181.374,0.16
sz000851,高鸿股份,1.1,2.3,7.53,1484.55,0.15
sh600236,桂冠电力,1.9,5.0,12.6,289.176,0.15
sz000407,胜利股份,0.9,2.3,6.14,329.71,0.15
sz000511,烯碳新材,1.2,6.8,8.0,389.033,0.15
sh600326,西藏天路,1.3,-1.8,8.99,485.113,0.14
sh600458,时代新材,1.2,2.6,8.75,233.371,0.14
sz002340,格林美,1.2,3.9,9.16,246.97,0.13
sh601600,中国铝业,0.7,-0.1,5.59,256.338,0.13
sz002539,新都化工,2.2,-17.9,17.5,330.157,0.13
sz002473,圣莱达,1.4,-1.9,11.13,250.154,0.13
sz002236,大华股份,1.2,-2.2,9.52,750.486,0.13
sz000559,万向钱潮,1.0,-0.9,7.84,176.711,0.13
sh601890,亚星锚链,1.5,2.7,11.49,249.784,0.13
sz000410,沈阳机床,0.6,1.1,4.92,1087.54,0.12
sz002259,升达林业,1.0,1.2,8.29,452.915,0.12
sz002606,大连电瓷,1.2,-13.5,10.27,502.631,0.12
sh600150,中国船舶,0.8,0.5,6.71,301.558,0.12
sz002277,友阿股份,1.1,4.2,9.18,442.561,0.12
sz000503,海虹控股,1.7,-1.1,15.14,416.389,0.11
sh600355,精伦电子,1.1,11.3,9.95,533.774,0.11
sz000900,现代投资,0.8,-7.9,7.42,374.687,0.11
sh600993,马应龙,1.4,2.9,12.47,391.349,0.11
sh600888,新疆众和,0.7,4.3,6.76,191.638,0.1
sz000756,新华制药,1.3,0.0,12.73,271.078,0.1
sz002143,印纪传媒,1.1,4.1,11.47,522.262,0.1
sz000823,超声电子,0.6,10.0,5.79,310.526,0.1
sz000909,数源科技,1.0,8.9,10.8,356.153,0.09
sh600208,新湖中宝,0.5,0.7,5.45,140.919,0.09
sh600018,上港集团,0.6,0.4,6.73,51.6381,0.09
sh600550,保变电气,0.8,-1.8,9.3,137.437,0.09
sz002622,永大集团,0.9,-5.1,10.5,429.846,0.09
sh600321,国栋建设,0.6,12.3,7.49,327.995,0.08
sz000002,万  科Ａ,0.2,-0.2,2.36,203.656,0.08
sh600262,北方股份,0.8,9.6,11.5,107.522,0.07
sh600332,白云山,0.4,-5.2,6.09,137.777,0.07
sz002031,巨轮股份,0.6,7.3,8.33,260.984,0.07
sh600235,民丰特纸,0.9,3.8,12.25,443.586,0.07
sz002748,世龙实业,0.9,0.9,12.17,1472.54,0.07
sh600686,金龙汽车,0.1,-11.5,1.49,277.125,0.07
sz000065,北方国际,0.8,1.3,11.96,290.305,0.07
sz000548,湖南投资,0.4,-7.0,6.23,488.606,0.06
sh600515,海岛建设,0.5,1.6,8.8,394.857,0.06
sz000032,深桑达Ａ,0.4,-6.2,7.07,205.015,0.06
sh603308,应流股份,0.7,1.5,14.3,352.454,0.05
sz000877,天山股份,0.3,1.9,6.51,235.422,0.05
sz000932,华菱钢铁,0.4,-13.5,7.5,118.534,0.05
sz002345,潮宏基,0.3,0.8,7.51,232.804,0.04
sz002688,金河生物,0.4,-4.0,10.36,536.03,0.04
sh600831,广电网络,0.3,1.4,8.25,495.061,0.04
sz000668,荣丰控股,0.3,10.4,8.4,121.007,0.04
sh601700,风范股份,0.3,0.0,7.67,168.038,0.04
sz002593,日上集团,0.9,9.7,20.2,652.88,0.04
sz000910,大亚科技,0.4,8.3,10.18,317.362,0.04
sh603806,福斯特,0.3,1.1,7.95,437.004,0.04
sh603100,川仪股份,0.4,0.5,15.55,1760.76,0.03
sz002580,圣阳股份,0.4,12.2,15.88,863.303,0.03
sh600350,山东高速,0.4,16.4,13.21,93.3827,0.03
sh601688,华泰证券,0.2,0.0,5.98,193.875,0.03
sz002066,瑞泰科技,0.3,-2.9,10.66,325.064,0.03
sz002126,银轮股份,0.2,8.6,6.17,242.228,0.03
sh600318,巢东股份,0.3,7.0,12.44,488.908,0.02
sh600436,片仔癀,0.2,-0.5,8.51,293.732,0.02
sz000776,广发证券,0.1,0.0,6.06,128.142,0.02
sz002385,大北农,0.2,0.0,9.96,292.884,0.02
sh600566,济川药业,0.1,-8.9,6.95,352.171,0.01
sz002038,双鹭药业,0.1,0.6,11.28,508.253,0.01
